{"aaa": 9.991026878356934, "bbb": 7.897187948226929, "test3": 15.754196882247925, "test01": 10.361019849777222, "test02": 8.511996269226074}